zona,fecha,tasa_gripe,tasa_covid,tasa_respiratorias,tasa_gastro,tasa_cronicas,ocupacion_hospitalaria,pct_<3,pct_3_14,pct_15_25,pct_26_50,pct_51_65,pct_66_80,pct_>80
Norte,2020-01-01,8.59,7.77,4.45,1.9,1.57,61.67,0.0577,0.2336,0.064,0.0142,0.3615,0.2019,0.067
Norte,2020-02-01,4.75,6.27,4.63,1.32,3.39,69.3,0.0602,0.2448,0.0461,0.0115,0.3557,0.2081,0.0737
Norte,2020-03-01,7.74,6.65,3.09,3.56,3.87,63.15,0.0678,0.2472,0.0455,0.0043,0.354,0.1924,0.0888
Norte,2020-04-01,1.41,11.82,4.04,1.9,3.22,53.85,0.0663,0.2584,0.0523,0.0,0.3469,0.178,0.098
Norte,2020-05-01,1.89,6.57,4.1,2.69,4.19,52.58,0.0722,0.247,0.0608,0.0067,0.3451,0.1833,0.0848
Norte,2020-06-01,3.88,6.8,2.33,6.13,2.84,79.84,0.0814,0.2562,0.061,0.0153,0.3331,0.1757,0.0773
Norte,2020-07-01,4.18,3.83,3.14,4.47,4.09,74.8,0.0637,0.2497,0.0634,0.021,0.3577,0.1717,0.0729
Norte,2020-08-01,2.62,9.04,3.29,2.13,4.07,56.67,0.0675,0.2605,0.0612,0.0086,0.3576,0.1657,0.0791
Norte,2020-09-01,5.07,8.09,2.86,0.85,3.83,68.62,0.0731,0.2606,0.0696,0.0126,0.3464,0.1641,0.0735
Norte,2020-10-01,0.0,7.19,6.47,0.51,2.39,69.25,0.0922,0.2574,0.0768,0.0,0.34,0.1613,0.0723
Norte,2020-11-01,3.78,9.37,4.96,0.81,2.0,73.78,0.0986,0.2462,0.0865,0.0111,0.3172,0.1591,0.0813
Norte,2020-12-01,4.33,8.41,4.52,2.38,3.82,58.37,0.1162,0.2471,0.1004,0.0002,0.3137,0.1505,0.0718
Norte,2021-01-01,5.94,9.34,3.97,3.7,4.29,80.13,0.1291,0.2466,0.1038,0.008,0.3142,0.1373,0.0611
Norte,2021-02-01,6.65,7.82,3.84,2.77,3.72,66.48,0.132,0.2386,0.1043,0.0176,0.3096,0.1193,0.0785
Norte,2021-03-01,6.33,9.47,3.64,1.87,4.0,63.46,0.1124,0.2585,0.0956,0.0177,0.3226,0.1124,0.0808
Norte,2021-04-01,0.0,4.22,2.88,1.0,3.62,61.47,0.1122,0.2551,0.0931,0.0077,0.3287,0.124,0.0792
Norte,2021-05-01,3.46,8.67,1.35,2.24,3.61,68.72,0.12,0.2474,0.0934,0.0009,0.3287,0.1236,0.0861
Norte,2021-06-01,1.5,8.36,4.54,4.2,3.67,63.83,0.1277,0.2509,0.0971,0.0109,0.3067,0.113,0.0938
Norte,2021-07-01,2.89,10.55,1.29,4.2,3.68,57.05,0.1254,0.2482,0.0983,0.009,0.3107,0.108,0.1005
Norte,2021-08-01,3.97,8.26,1.86,5.42,3.62,50.61,0.1357,0.2664,0.0893,0.0139,0.3087,0.1006,0.0853
Norte,2021-09-01,1.03,7.63,2.11,0.0,3.83,58.03,0.1094,0.2754,0.0895,0.0238,0.3025,0.104,0.0955
Norte,2021-10-01,6.03,8.65,2.75,2.2,4.5,76.81,0.1045,0.2729,0.0808,0.0342,0.3135,0.1041,0.0899
Norte,2021-11-01,0.0,7.0,5.25,2.71,3.8,70.89,0.0937,0.2867,0.0848,0.0313,0.3174,0.1026,0.0836
Norte,2021-12-01,6.12,5.4,5.63,0.98,3.06,61.17,0.0994,0.2872,0.0858,0.0232,0.3315,0.112,0.0609
Norte,2022-01-01,2.81,7.84,5.34,2.9,3.1,78.8,0.0957,0.3075,0.0961,0.021,0.3221,0.1063,0.0513
Norte,2022-02-01,5.66,7.65,2.99,1.1,2.74,53.52,0.0931,0.3191,0.0859,0.026,0.3108,0.1018,0.0633
Norte,2022-03-01,7.66,8.98,3.15,1.57,3.39,65.27,0.0844,0.3206,0.0814,0.0198,0.3086,0.1111,0.0741
Norte,2022-04-01,0.0,5.48,1.96,1.04,3.1,32.82,0.0935,0.3201,0.0769,0.0129,0.3169,0.1076,0.072
Norte,2022-05-01,0.14,11.6,4.03,1.7,5.05,60.98,0.0992,0.2974,0.0852,0.0254,0.3176,0.1119,0.0632
Norte,2022-06-01,5.18,7.89,1.11,4.02,2.44,74.82,0.1198,0.2989,0.0681,0.0214,0.3201,0.1168,0.0548
Norte,2022-07-01,1.1,6.82,2.6,5.62,3.3,89.78,0.1158,0.2992,0.076,0.0274,0.3141,0.1176,0.05
Norte,2022-08-01,5.49,8.63,1.87,4.55,4.11,51.62,0.1195,0.2983,0.0751,0.034,0.308,0.1149,0.0502
Norte,2022-09-01,0.53,9.01,1.76,1.74,3.58,59.78,0.1129,0.3121,0.069,0.0416,0.3112,0.1088,0.0444
Norte,2022-10-01,0.26,8.56,6.02,0.0,3.98,72.9,0.1103,0.3277,0.0599,0.0205,0.3097,0.1103,0.0615
Norte,2022-11-01,3.06,11.08,5.64,2.43,2.68,72.83,0.0965,0.3302,0.0535,0.01,0.3123,0.121,0.0766
Norte,2022-12-01,3.78,5.24,6.04,1.52,4.39,73.57,0.0868,0.3257,0.0532,0.0044,0.3169,0.1287,0.0845
Norte,2023-01-01,6.13,3.89,4.82,2.1,4.08,58.52,0.0904,0.3166,0.0657,0.0155,0.3062,0.1234,0.0822
Norte,2023-02-01,5.83,0.0,5.3,1.46,4.14,61.13,0.0858,0.3061,0.068,0.0327,0.3031,0.1262,0.0782
Norte,2023-03-01,5.28,5.43,3.49,1.43,3.08,71.77,0.0817,0.3181,0.0598,0.0255,0.3153,0.1305,0.069
Norte,2023-04-01,1.51,7.27,2.92,2.45,3.89,63.29,0.068,0.3191,0.0529,0.0338,0.3189,0.1228,0.0845
Norte,2023-05-01,0.0,3.86,2.25,0.34,3.92,82.11,0.0595,0.3159,0.0669,0.0245,0.3186,0.1244,0.0903
Norte,2023-06-01,2.0,1.55,3.82,4.27,3.9,57.57,0.069,0.3264,0.0663,0.0096,0.3152,0.1164,0.097
Norte,2023-07-01,2.04,3.67,1.97,3.26,4.21,71.73,0.0751,0.3217,0.0654,0.0,0.3299,0.1291,0.0787
Norte,2023-08-01,3.79,3.88,3.89,4.79,3.32,55.1,0.0517,0.3152,0.06,0.0153,0.3416,0.1297,0.0865
Norte,2023-09-01,0.0,1.54,3.41,0.54,2.72,56.12,0.0495,0.3126,0.0495,0.0256,0.3262,0.1309,0.1056
Norte,2023-10-01,4.71,2.0,4.57,2.0,1.63,65.79,0.0334,0.3207,0.0512,0.0339,0.3213,0.1288,0.1108
Norte,2023-11-01,2.77,5.54,5.31,2.15,4.0,58.57,0.0379,0.3159,0.0635,0.0259,0.3193,0.13,0.1075
Norte,2023-12-01,6.87,2.41,4.81,1.29,3.82,54.45,0.0383,0.3046,0.068,0.0296,0.3253,0.1311,0.1031
Norte,2024-01-01,3.75,3.13,4.6,1.83,4.26,57.69,0.0252,0.3151,0.0676,0.0206,0.3251,0.1437,0.1026
Norte,2024-02-01,5.53,5.41,5.17,3.99,2.06,83.11,0.0208,0.3129,0.0851,0.0213,0.307,0.1444,0.1086
Norte,2024-03-01,5.98,3.2,2.57,1.98,4.42,63.83,0.0243,0.3092,0.0879,0.0158,0.3161,0.1296,0.117
Norte,2024-04-01,1.77,3.93,2.88,2.12,3.95,60.42,0.022,0.3158,0.0937,0.0031,0.3105,0.1397,0.1152
Norte,2024-05-01,2.74,0.29,3.59,1.45,3.97,68.24,0.0198,0.3076,0.1037,0.0063,0.3137,0.136,0.1129
Norte,2024-06-01,0.08,0.81,1.86,2.85,3.88,51.49,0.0114,0.3074,0.1061,0.0,0.3286,0.1563,0.0902
Norte,2024-07-01,0.0,4.55,2.21,3.45,3.96,52.93,0.0078,0.3037,0.1048,0.0065,0.3197,0.1669,0.0905
Norte,2024-08-01,0.38,3.74,3.8,4.82,4.19,67.57,0.0091,0.3099,0.1004,0.0,0.3321,0.1575,0.091
Norte,2024-09-01,2.6,4.9,3.61,2.44,1.78,57.14,0.0028,0.3209,0.1128,0.0,0.3177,0.1489,0.0969
Norte,2024-10-01,1.96,2.02,5.94,1.38,3.5,65.61,0.0032,0.3457,0.1016,0.0,0.2976,0.1423,0.1096
Norte,2024-11-01,4.43,0.0,5.15,2.14,2.88,58.64,0.0,0.3348,0.1067,0.0017,0.2977,0.1364,0.1228
Norte,2024-12-01,8.16,3.63,4.59,1.39,3.07,73.64,0.0042,0.3341,0.0794,0.0042,0.3227,0.14,0.1154
Sur,2020-01-01,9.15,6.63,4.21,0.43,3.18,71.2,0.0873,0.0739,0.1237,0.0298,0.2054,0.169,0.3109
Sur,2020-02-01,4.35,9.21,5.4,3.66,3.98,70.72,0.0902,0.0716,0.1065,0.0327,0.2229,0.1668,0.3093
Sur,2020-03-01,5.26,11.73,1.33,2.25,2.94,60.27,0.1118,0.072,0.094,0.0285,0.227,0.1574,0.3093
Sur,2020-04-01,2.91,7.24,2.25,0.61,3.73,65.11,0.1231,0.0631,0.0991,0.0295,0.2298,0.1512,0.3041
Sur,2020-05-01,2.05,4.87,3.52,0.78,3.31,79.14,0.121,0.0702,0.1032,0.0292,0.2254,0.1623,0.2886
Sur,2020-06-01,1.92,6.18,5.25,3.82,2.97,68.08,0.1326,0.0472,0.1139,0.0279,0.2252,0.1658,0.2873
Sur,2020-07-01,3.96,10.4,3.11,4.34,2.94,55.5,0.1354,0.0454,0.1163,0.0162,0.2328,0.1644,0.2896
Sur,2020-08-01,1.27,7.73,3.03,5.63,3.72,54.42,0.1239,0.0629,0.1186,0.0157,0.2247,0.1539,0.3003
Sur,2020-09-01,3.24,4.91,2.36,0.39,4.76,86.66,0.1209,0.0612,0.1175,0.0332,0.226,0.1482,0.293
Sur,2020-10-01,3.15,5.52,6.2,1.61,3.27,78.08,0.1233,0.0698,0.1206,0.0428,0.2172,0.1355,0.2908
Sur,2020-11-01,3.9,9.3,5.78,3.64,3.89,56.19,0.1221,0.0745,0.1276,0.0281,0.2236,0.1323,0.2918
Sur,2020-12-01,3.9,7.24,4.9,1.92,4.01,59.58,0.1207,0.0739,0.1252,0.0158,0.2371,0.1495,0.2779
Sur,2021-01-01,6.19,6.29,3.58,2.77,3.74,79.22,0.139,0.0605,0.1259,0.0266,0.245,0.1257,0.2773
Sur,2021-02-01,5.29,10.78,4.96,1.65,4.28,60.27,0.1447,0.0607,0.1348,0.0313,0.243,0.1011,0.2845
Sur,2021-03-01,3.81,7.32,3.38,1.62,3.71,60.96,0.1626,0.0422,0.1295,0.0404,0.2327,0.1088,0.2837
Sur,2021-04-01,2.64,8.96,3.37,0.58,3.47,69.54,0.1622,0.0526,0.1378,0.0518,0.2179,0.1031,0.2746
Sur,2021-05-01,4.06,11.16,3.95,0.7,3.7,65.54,0.1577,0.0732,0.1328,0.0597,0.2062,0.1131,0.2572
Sur,2021-06-01,3.44,7.88,1.66,2.68,4.1,52.46,0.1549,0.0654,0.115,0.0418,0.2293,0.1283,0.2653
Sur,2021-07-01,0.75,10.13,2.93,5.73,3.82,62.47,0.1613,0.0633,0.111,0.0632,0.2233,0.1273,0.2508
Sur,2021-08-01,1.93,7.08,2.05,5.25,2.15,74.03,0.1489,0.0711,0.13,0.0581,0.2255,0.1314,0.2349
Sur,2021-09-01,4.14,6.54,3.59,1.95,5.14,75.35,0.1549,0.0656,0.1282,0.0676,0.2282,0.1232,0.2323
Sur,2021-10-01,5.38,6.6,5.29,4.02,3.4,62.55,0.161,0.053,0.1438,0.0721,0.2197,0.1304,0.2202
Sur,2021-11-01,5.57,3.66,3.23,1.73,4.18,62.0,0.1541,0.0589,0.1493,0.0663,0.2249,0.1409,0.2056
Sur,2021-12-01,7.04,9.69,4.9,0.57,3.33,71.52,0.1568,0.0498,0.151,0.0663,0.2248,0.1383,0.213
Sur,2022-01-01,6.2,12.31,7.52,2.38,2.67,67.0,0.1577,0.0525,0.1377,0.0881,0.2326,0.1266,0.2049
Sur,2022-02-01,5.52,6.46,5.36,2.63,2.89,76.94,0.1486,0.0507,0.1473,0.0873,0.2524,0.107,0.2067
Sur,2022-03-01,2.84,6.74,2.15,0.34,3.3,69.34,0.1475,0.0525,0.1502,0.0963,0.2377,0.1085,0.2073
Sur,2022-04-01,2.86,8.16,3.37,1.75,2.2,68.4,0.1337,0.0512,0.1722,0.0799,0.2286,0.1272,0.2071
Sur,2022-05-01,2.22,7.88,2.19,2.45,3.6,54.17,0.1426,0.0548,0.1768,0.0742,0.2441,0.1134,0.194
Sur,2022-06-01,2.65,8.65,2.53,5.07,4.61,93.73,0.1395,0.0545,0.1923,0.065,0.2472,0.122,0.1795
Sur,2022-07-01,1.61,7.55,2.55,5.24,3.02,64.26,0.144,0.0684,0.1879,0.0701,0.2244,0.118,0.1872
Sur,2022-08-01,3.84,8.11,2.74,0.36,2.98,60.17,0.1415,0.0831,0.1906,0.0565,0.2356,0.1271,0.1656
Sur,2022-09-01,0.53,7.93,4.6,1.88,4.91,55.91,0.1559,0.0721,0.1964,0.0479,0.2421,0.1303,0.1552
Sur,2022-10-01,3.16,9.25,6.89,1.64,2.56,82.78,0.1527,0.0925,0.1963,0.0535,0.2359,0.1239,0.1453
Sur,2022-11-01,3.13,6.75,6.08,2.14,2.39,55.82,0.1328,0.0925,0.203,0.0574,0.2303,0.1365,0.1474
Sur,2022-12-01,8.72,9.54,4.61,0.0,3.98,71.86,0.1145,0.1115,0.2072,0.076,0.2221,0.1277,0.141
Sur,2023-01-01,7.11,2.09,4.69,0.76,4.25,47.9,0.1287,0.1183,0.2024,0.065,0.2284,0.1207,0.1365
Sur,2023-02-01,5.37,4.82,6.41,0.0,3.5,82.46,0.1326,0.1279,0.1963,0.0675,0.2261,0.1273,0.1223
Sur,2023-03-01,5.23,1.77,4.65,2.71,4.25,53.82,0.121,0.1306,0.1839,0.067,0.2347,0.1285,0.1343
Sur,2023-04-01,2.58,0.17,1.76,2.88,2.97,55.53,0.1186,0.1373,0.1945,0.0614,0.2381,0.1246,0.1255
Sur,2023-05-01,1.4,0.0,4.34,2.06,4.35,64.99,0.1292,0.1474,0.1898,0.0674,0.223,0.1184,0.1248
Sur,2023-06-01,2.9,4.59,3.91,3.22,3.86,64.52,0.1464,0.155,0.1864,0.0687,0.1994,0.1236,0.1205
Sur,2023-07-01,0.54,3.85,3.14,2.15,4.88,79.07,0.156,0.1417,0.1809,0.0568,0.2057,0.1336,0.1252
Sur,2023-08-01,3.37,1.46,3.71,3.76,2.73,70.94,0.1642,0.145,0.1834,0.0657,0.1982,0.1302,0.1132
Sur,2023-09-01,2.23,5.67,4.5,1.9,1.9,50.56,0.1634,0.1583,0.1764,0.0766,0.1865,0.1204,0.1184
Sur,2023-10-01,2.91,2.79,5.95,1.24,3.45,72.61,0.156,0.1669,0.1712,0.0905,0.1745,0.1196,0.1214
Sur,2023-11-01,3.64,4.0,5.2,2.37,3.14,70.5,0.1479,0.1776,0.1801,0.077,0.1839,0.1134,0.1202
Sur,2023-12-01,6.13,6.8,4.19,0.94,3.08,73.19,0.1466,0.1746,0.179,0.0904,0.1813,0.1119,0.1161
Sur,2024-01-01,5.84,5.0,6.29,2.43,2.63,61.65,0.1367,0.1644,0.1829,0.101,0.19,0.1001,0.1249
Sur,2024-02-01,7.53,6.02,5.04,0.71,4.02,70.92,0.1375,0.1601,0.1914,0.0948,0.2038,0.0872,0.1254
Sur,2024-03-01,4.78,3.32,1.95,3.17,2.69,71.45,0.1491,0.1665,0.2047,0.08,0.2021,0.0733,0.1243
Sur,2024-04-01,2.32,1.68,2.73,2.81,5.9,71.14,0.1412,0.1525,0.2088,0.0873,0.1956,0.0853,0.1293
Sur,2024-05-01,1.82,2.37,5.34,0.43,4.05,63.06,0.1357,0.162,0.2153,0.0818,0.1956,0.0735,0.136
Sur,2024-06-01,2.02,1.92,3.61,3.9,4.11,59.23,0.13,0.1652,0.2232,0.0858,0.1901,0.0748,0.131
Sur,2024-07-01,2.13,3.31,1.57,3.09,4.08,73.21,0.1265,0.1554,0.2268,0.0761,0.2036,0.0761,0.1354
Sur,2024-08-01,0.18,4.31,4.55,2.62,3.69,59.28,0.1272,0.1609,0.2219,0.0864,0.21,0.0731,0.1204
Sur,2024-09-01,1.85,6.28,2.8,1.21,3.61,80.3,0.1295,0.1687,0.23,0.0781,0.21,0.0702,0.1134
Sur,2024-10-01,1.61,6.22,3.56,3.73,3.55,49.61,0.1113,0.1786,0.2285,0.086,0.2038,0.0706,0.1212
Sur,2024-11-01,2.78,1.96,4.89,1.53,4.49,40.04,0.0903,0.1953,0.2373,0.0728,0.2071,0.085,0.1123
Sur,2024-12-01,3.27,0.96,4.36,1.99,4.81,61.01,0.0764,0.2014,0.2312,0.0755,0.2034,0.0935,0.1186
Este,2020-01-01,3.33,5.77,5.28,2.2,4.49,72.17,0.015,0.5338,0.1081,0.0439,0.0112,0.1361,0.1519
Este,2020-02-01,7.22,6.79,5.64,0.99,4.22,64.08,0.0119,0.5189,0.1074,0.0444,0.0078,0.145,0.1645
Este,2020-03-01,4.11,10.16,2.58,0.72,3.25,54.76,0.0164,0.5016,0.122,0.043,0.0,0.1505,0.1666
Este,2020-04-01,1.46,6.68,2.79,1.02,3.51,72.04,0.0008,0.4887,0.1213,0.0594,0.0051,0.1554,0.1694
Este,2020-05-01,2.28,10.07,3.98,1.09,2.98,61.74,0.0039,0.4949,0.1038,0.0557,0.0028,0.1691,0.1697
Este,2020-06-01,4.07,8.47,2.11,4.75,4.02,80.65,0.0076,0.4832,0.1006,0.0623,0.0172,0.1642,0.1648
Este,2020-07-01,2.3,7.55,1.13,3.59,3.57,58.15,0.0081,0.4705,0.1164,0.0693,0.008,0.1666,0.161
Este,2020-08-01,4.49,10.1,3.61,4.33,3.1,74.99,0.0217,0.4583,0.114,0.0701,0.0189,0.1412,0.1759
Este,2020-09-01,0.1,9.55,4.13,4.28,4.74,62.24,0.0279,0.4594,0.1022,0.0644,0.0239,0.1473,0.1749
Este,2020-10-01,5.44,9.94,6.2,1.74,2.2,76.35,0.0351,0.4476,0.1037,0.0756,0.0343,0.1371,0.1667
Este,2020-11-01,6.87,8.45,4.72,1.24,3.34,65.91,0.0344,0.452,0.1,0.0761,0.022,0.1506,0.1649
Este,2020-12-01,4.61,9.89,5.41,1.86,3.4,65.78,0.0246,0.4637,0.0976,0.0784,0.0232,0.1617,0.1508
Este,2021-01-01,6.5,5.78,4.95,0.17,4.16,67.45,0.021,0.4831,0.0841,0.0762,0.0159,0.1624,0.1573
Este,2021-02-01,7.03,5.77,5.33,0.0,4.6,81.44,0.0395,0.4873,0.0825,0.0734,0.009,0.1568,0.1515
Este,2021-03-01,6.01,9.38,1.7,3.08,2.94,78.14,0.0607,0.4831,0.0679,0.0804,0.016,0.1492,0.1427
Este,2021-04-01,0.0,7.29,4.0,0.21,3.28,55.82,0.0497,0.501,0.0511,0.0882,0.017,0.1549,0.1381
Este,2021-05-01,3.89,4.54,2.82,2.29,2.47,66.82,0.0492,0.4701,0.0632,0.0918,0.022,0.1608,0.143
Este,2021-06-01,4.29,7.36,3.35,3.45,3.09,70.46,0.0473,0.4636,0.072,0.0817,0.0278,0.1622,0.1454
Este,2021-07-01,2.98,5.86,4.6,4.69,3.57,74.69,0.0571,0.4605,0.0809,0.0914,0.0223,0.1514,0.1363
Este,2021-08-01,3.27,6.45,4.77,3.32,2.94,72.17,0.0522,0.4623,0.0658,0.0847,0.0254,0.1601,0.1495
Este,2021-09-01,2.33,4.45,1.52,2.23,3.4,52.71,0.0372,0.4788,0.0675,0.0852,0.0209,0.1497,0.1607
Este,2021-10-01,1.95,5.36,3.61,1.24,4.64,41.76,0.0331,0.456,0.064,0.0978,0.0337,0.1388,0.1767
Este,2021-11-01,2.41,8.07,5.03,0.0,1.96,61.67,0.0432,0.4607,0.0506,0.1015,0.0202,0.1455,0.1785
Este,2021-12-01,5.09,7.63,4.68,3.0,2.64,73.37,0.0416,0.468,0.0634,0.1027,0.0,0.1402,0.1842
Este,2022-01-01,7.62,8.36,4.89,1.81,3.87,68.05,0.0377,0.4438,0.0666,0.1041,0.0,0.1534,0.1944
Este,2022-02-01,6.85,5.64,5.62,1.07,2.56,68.03,0.0394,0.4499,0.0592,0.1037,0.0097,0.1607,0.1773
Este,2022-03-01,6.64,8.97,2.96,4.56,4.47,65.12,0.0459,0.4343,0.063,0.0981,0.0198,0.1614,0.1774
Este,2022-04-01,1.21,9.75,2.64,1.6,4.61,73.03,0.0557,0.4457,0.0696,0.1032,0.0038,0.1551,0.1668
Este,2022-05-01,1.61,8.99,3.54,2.84,3.6,71.76,0.0538,0.4349,0.0815,0.1046,0.0106,0.1578,0.1567
Este,2022-06-01,5.04,7.1,3.85,4.4,2.04,67.92,0.0411,0.4441,0.0862,0.1057,0.0005,0.1559,0.1665
Este,2022-07-01,1.89,6.35,3.3,3.26,2.92,59.82,0.0344,0.4545,0.0863,0.1179,0.0,0.1485,0.1584
Este,2022-08-01,1.92,10.49,3.35,4.23,2.35,68.89,0.0426,0.4368,0.1019,0.0998,0.0143,0.1422,0.1625
Este,2022-09-01,2.34,11.09,3.1,2.45,4.43,67.93,0.0505,0.434,0.1067,0.108,0.0143,0.1405,0.1459
Este,2022-10-01,1.63,9.73,4.89,0.0,3.88,67.89,0.0471,0.4249,0.1143,0.0929,0.0159,0.1406,0.1643
Este,2022-11-01,2.9,7.41,5.63,2.01,3.42,56.29,0.057,0.4354,0.1091,0.1004,0.0159,0.136,0.1461
Este,2022-12-01,4.46,9.98,3.78,1.12,2.71,62.29,0.0485,0.4357,0.1052,0.1187,0.0123,0.1371,0.1424
Este,2023-01-01,4.83,3.45,5.36,1.93,3.32,64.39,0.0523,0.4317,0.0879,0.1223,0.0168,0.132,0.157
Este,2023-02-01,4.52,5.02,5.06,1.96,2.4,49.97,0.0463,0.439,0.0926,0.1116,0.0202,0.1214,0.1689
Este,2023-03-01,6.34,1.85,2.11,1.83,3.52,69.46,0.0376,0.4329,0.0995,0.1055,0.0212,0.1214,0.1819
Este,2023-04-01,2.42,2.92,3.62,0.5,3.59,59.68,0.0302,0.4294,0.0926,0.1091,0.0372,0.1195,0.182
Este,2023-05-01,2.02,0.86,3.53,2.7,4.24,50.09,0.0292,0.4227,0.0904,0.117,0.0452,0.1144,0.1811
Este,2023-06-01,1.38,6.03,2.41,2.23,4.69,61.11,0.0243,0.4325,0.1015,0.1079,0.0341,0.0984,0.2014
Este,2023-07-01,4.21,3.63,3.51,4.37,3.31,66.35,0.0223,0.4542,0.1033,0.1039,0.0231,0.0797,0.2135
Este,2023-08-01,0.0,6.51,2.08,5.25,1.88,32.96,0.0132,0.437,0.1057,0.1061,0.0424,0.0887,0.2069
Este,2023-09-01,0.72,5.5,2.42,2.75,4.2,71.32,0.0098,0.4229,0.1181,0.1055,0.0365,0.0944,0.2128
Este,2023-10-01,1.51,2.23,4.55,2.43,2.82,65.52,0.0334,0.4011,0.1122,0.107,0.0317,0.099,0.2156
Este,2023-11-01,1.79,0.0,3.99,2.23,2.55,66.32,0.0294,0.4027,0.1105,0.0963,0.0459,0.1092,0.2062
Este,2023-12-01,7.02,3.26,6.41,2.47,3.88,44.63,0.0197,0.4071,0.1151,0.0981,0.0502,0.1175,0.1923
Este,2024-01-01,3.68,3.86,4.57,0.0,3.53,57.5,0.0208,0.4003,0.101,0.1197,0.0585,0.0995,0.2004
Este,2024-02-01,7.89,2.13,3.84,0.7,3.58,53.99,0.018,0.3796,0.1005,0.1214,0.0653,0.1156,0.1996
Este,2024-03-01,7.45,0.0,1.43,0.23,2.6,54.92,0.0136,0.3746,0.0983,0.1267,0.0589,0.1315,0.1965
Este,2024-04-01,4.01,1.18,4.45,2.43,2.4,58.55,0.0187,0.3893,0.1022,0.1118,0.0487,0.1335,0.1959
Este,2024-05-01,4.05,0.0,1.87,0.0,5.14,75.09,0.0106,0.3922,0.1068,0.1121,0.0659,0.133,0.1794
Este,2024-06-01,4.79,7.03,3.78,3.65,3.36,61.02,0.0078,0.4017,0.1165,0.1129,0.0559,0.1125,0.1926
Este,2024-07-01,2.74,6.38,3.0,7.23,4.88,59.34,0.0065,0.4167,0.0953,0.1181,0.0475,0.1215,0.1944
Este,2024-08-01,2.24,1.37,3.63,4.53,3.42,56.53,0.0,0.4125,0.1014,0.1187,0.0381,0.1256,0.2038
Este,2024-09-01,0.67,3.36,4.26,0.01,4.48,64.12,0.0,0.4069,0.1093,0.1377,0.0353,0.1074,0.2032
Este,2024-10-01,1.86,6.32,5.33,3.56,4.18,74.92,0.0084,0.3971,0.1148,0.1328,0.0518,0.0933,0.2018
Este,2024-11-01,4.95,2.72,5.21,0.82,4.36,67.24,0.0305,0.3888,0.1101,0.1373,0.051,0.0909,0.1915
Este,2024-12-01,6.36,4.37,3.07,1.88,4.33,69.7,0.0273,0.4041,0.1066,0.1288,0.0455,0.1053,0.1824
Oeste,2020-01-01,6.66,6.15,7.8,0.3,3.53,56.4,0.1756,0.1046,0.1222,0.024,0.1918,0.3717,0.0101
Oeste,2020-02-01,4.42,5.79,3.75,1.02,3.05,66.89,0.1718,0.0902,0.1201,0.0165,0.2144,0.3679,0.0192
Oeste,2020-03-01,6.01,9.32,2.87,1.29,3.66,59.76,0.1642,0.081,0.121,0.0236,0.2114,0.3793,0.0196
Oeste,2020-04-01,4.05,9.91,2.41,3.1,4.64,38.09,0.15,0.0899,0.1154,0.0249,0.2168,0.3935,0.0095
Oeste,2020-05-01,0.0,8.49,2.83,1.36,3.52,86.3,0.1468,0.0704,0.1146,0.0297,0.2121,0.4128,0.0136
Oeste,2020-06-01,4.61,7.6,1.55,4.26,2.39,46.74,0.1597,0.0489,0.1153,0.0269,0.2091,0.4074,0.0327
Oeste,2020-07-01,1.65,8.17,1.93,3.16,5.16,62.9,0.1711,0.0469,0.11,0.0248,0.2122,0.4096,0.0255
Oeste,2020-08-01,2.09,10.38,3.63,2.98,2.84,71.63,0.1735,0.0327,0.1088,0.0243,0.214,0.4318,0.0149
Oeste,2020-09-01,2.65,8.28,4.35,0.5,3.16,59.19,0.1641,0.0443,0.0965,0.0201,0.2142,0.4394,0.0214
Oeste,2020-10-01,4.07,7.01,3.67,0.52,3.54,61.92,0.1724,0.0387,0.1132,0.0182,0.2176,0.4142,0.0257
Oeste,2020-11-01,2.81,7.23,6.27,1.1,4.52,65.22,0.1695,0.0443,0.1308,0.0112,0.23,0.3802,0.034
Oeste,2020-12-01,5.55,8.07,4.19,1.4,4.62,87.48,0.1828,0.0374,0.1294,0.0052,0.2361,0.379,0.03
Oeste,2021-01-01,3.03,6.27,6.22,0.89,4.09,69.96,0.1762,0.0575,0.1306,0.0061,0.2338,0.3709,0.025
Oeste,2021-02-01,5.27,5.76,4.99,3.29,4.46,61.75,0.1767,0.0453,0.1231,0.0093,0.2385,0.3812,0.0259
Oeste,2021-03-01,4.09,8.78,3.84,2.04,4.61,67.87,0.1904,0.0598,0.1271,0.0163,0.2345,0.3583,0.0137
Oeste,2021-04-01,2.64,5.18,2.82,0.37,4.19,62.57,0.1871,0.0647,0.1274,0.0111,0.2453,0.356,0.0084
Oeste,2021-05-01,1.76,6.63,4.1,1.34,3.7,66.31,0.1965,0.0638,0.114,0.021,0.2549,0.3363,0.0134
Oeste,2021-06-01,3.12,9.65,3.74,5.29,4.17,63.4,0.1933,0.0723,0.1075,0.0205,0.2415,0.342,0.0228
Oeste,2021-07-01,2.47,10.12,3.09,4.59,4.63,100.0,0.191,0.0666,0.1121,0.0175,0.2463,0.3369,0.0297
Oeste,2021-08-01,4.29,8.58,3.04,7.38,4.21,54.57,0.2003,0.0622,0.1221,0.0105,0.2241,0.3587,0.0221
Oeste,2021-09-01,3.43,8.89,2.47,2.91,2.07,70.22,0.1927,0.072,0.1419,0.0233,0.2138,0.3512,0.0052
Oeste,2021-10-01,5.25,9.82,6.91,0.89,3.3,67.65,0.2079,0.0722,0.1484,0.0213,0.2112,0.339,0.0
Oeste,2021-11-01,3.14,9.16,5.65,2.45,3.45,59.61,0.2076,0.0731,0.1574,0.0206,0.194,0.3361,0.0112
Oeste,2021-12-01,6.33,5.9,3.61,0.73,1.68,55.27,0.2064,0.0652,0.1491,0.0271,0.2117,0.3285,0.012
Oeste,2022-01-01,6.27,7.99,3.66,1.91,3.21,69.13,0.2147,0.0756,0.1466,0.0334,0.1989,0.321,0.0098
Oeste,2022-02-01,6.05,6.48,4.64,0.99,2.89,74.2,0.2117,0.0803,0.1355,0.0282,0.2082,0.3361,0.0
Oeste,2022-03-01,5.78,8.8,3.24,2.67,3.57,75.31,0.2026,0.0844,0.148,0.0213,0.1991,0.3446,0.0
Oeste,2022-04-01,0.58,9.59,4.0,1.46,2.91,79.45,0.2113,0.0841,0.1408,0.0269,0.1887,0.3481,0.0
Oeste,2022-05-01,5.73,10.33,2.37,4.56,4.46,69.55,0.23,0.0707,0.1348,0.0321,0.187,0.3426,0.0028
Oeste,2022-06-01,2.04,8.91,2.89,4.1,3.96,49.72,0.2286,0.0772,0.136,0.0498,0.1786,0.3287,0.0011
Oeste,2022-07-01,1.43,9.95,4.93,3.88,3.29,55.73,0.2344,0.0739,0.1354,0.0436,0.1817,0.331,0.0
Oeste,2022-08-01,4.63,7.44,3.21,3.47,3.33,62.81,0.2205,0.0689,0.1525,0.0325,0.1799,0.3457,0.0
Oeste,2022-09-01,2.06,8.49,2.27,3.05,2.44,47.38,0.2204,0.0692,0.1441,0.0369,0.1811,0.3484,0.0
Oeste,2022-10-01,1.54,3.86,4.15,2.32,4.67,76.41,0.218,0.0627,0.1227,0.0408,0.1868,0.369,0.0
Oeste,2022-11-01,3.59,6.71,6.27,2.84,3.86,50.97,0.2323,0.0584,0.125,0.0517,0.1708,0.3618,0.0
Oeste,2022-12-01,5.8,7.09,4.07,0.85,3.57,62.32,0.2397,0.0509,0.1358,0.0386,0.1586,0.3764,0.0
Oeste,2023-01-01,6.19,2.75,6.69,1.72,3.59,62.66,0.2451,0.0579,0.1213,0.0372,0.1421,0.3963,0.0
Oeste,2023-02-01,6.24,3.01,4.8,2.75,2.73,72.69,0.2427,0.0588,0.1165,0.0245,0.1423,0.4066,0.0086
Oeste,2023-03-01,6.54,6.64,3.19,0.81,4.55,75.62,0.241,0.0604,0.1312,0.0292,0.1382,0.39,0.0101
Oeste,2023-04-01,3.25,1.42,3.11,1.34,3.96,79.46,0.2226,0.0598,0.1291,0.029,0.1331,0.3989,0.0274
Oeste,2023-05-01,0.21,0.0,2.8,3.06,3.73,61.32,0.2076,0.0619,0.1314,0.0283,0.1433,0.4119,0.0156
Oeste,2023-06-01,2.26,3.54,4.27,3.51,3.35,49.77,0.1984,0.0724,0.1241,0.033,0.1459,0.4252,0.001
Oeste,2023-07-01,2.53,2.83,3.37,4.3,4.82,45.64,0.1857,0.0802,0.1285,0.0122,0.1585,0.4303,0.0046
Oeste,2023-08-01,1.44,2.19,2.48,2.08,3.07,73.47,0.1762,0.0709,0.1272,0.0062,0.163,0.4483,0.0081
Oeste,2023-09-01,2.79,4.78,3.1,0.0,4.61,80.37,0.184,0.0682,0.1345,0.0038,0.1612,0.4456,0.0028
Oeste,2023-10-01,1.38,0.32,3.76,1.18,1.99,60.9,0.177,0.0652,0.1387,0.0027,0.165,0.4514,0.0
Oeste,2023-11-01,1.14,3.08,5.9,1.78,3.58,64.57,0.1746,0.0671,0.1403,0.0088,0.163,0.4404,0.0058
Oeste,2023-12-01,6.26,5.59,3.47,2.74,4.26,57.16,0.1731,0.0608,0.1293,0.0153,0.1735,0.4274,0.0206
Oeste,2024-01-01,5.24,0.0,5.43,4.14,3.31,61.11,0.19,0.0357,0.127,0.0169,0.1744,0.4298,0.0262
Oeste,2024-02-01,8.52,6.98,4.97,1.04,4.02,49.24,0.1985,0.0269,0.1211,0.0183,0.1782,0.4329,0.024
Oeste,2024-03-01,8.15,4.9,3.7,0.95,3.45,60.31,0.1923,0.0345,0.1182,0.0233,0.1812,0.4377,0.0128
Oeste,2024-04-01,1.97,3.3,4.09,1.06,3.39,47.23,0.1963,0.036,0.1119,0.0271,0.1713,0.4274,0.0301
Oeste,2024-05-01,1.89,2.03,1.37,2.69,3.0,68.45,0.1881,0.0292,0.1074,0.0214,0.1672,0.4526,0.0342
Oeste,2024-06-01,3.5,0.64,2.12,3.73,3.06,72.69,0.2004,0.0283,0.1221,0.0091,0.1612,0.449,0.0299
Oeste,2024-07-01,2.89,1.83,2.51,4.66,3.09,78.9,0.207,0.023,0.1386,0.0043,0.1483,0.4549,0.024
Oeste,2024-08-01,3.44,2.87,2.84,4.68,2.97,61.71,0.1959,0.0256,0.1297,0.0004,0.1655,0.4547,0.0282
Oeste,2024-09-01,1.74,4.42,4.86,1.22,3.55,65.91,0.1923,0.0297,0.1289,0.0069,0.1647,0.4495,0.028
Oeste,2024-10-01,2.32,2.85,4.66,1.58,4.36,64.83,0.1947,0.0384,0.1207,0.0,0.1601,0.4537,0.0324
Oeste,2024-11-01,0.71,1.17,3.37,1.34,3.64,69.01,0.2021,0.0374,0.1043,0.01,0.1589,0.4586,0.0287
Oeste,2024-12-01,3.36,2.67,5.84,1.06,3.72,52.01,0.1992,0.0442,0.1083,0.0105,0.1547,0.4418,0.0413
Centro,2020-01-01,8.31,6.73,5.87,0.0,5.37,59.75,0.0107,0.0577,0.4074,0.331,0.0561,0.1373,0.0
Centro,2020-02-01,4.17,9.41,4.39,1.83,4.09,54.9,0.0215,0.0526,0.3945,0.3262,0.0535,0.1405,0.0111
Centro,2020-03-01,5.73,9.35,2.25,1.91,4.74,55.9,0.011,0.0545,0.4092,0.3462,0.0433,0.1358,0.0
Centro,2020-04-01,3.01,7.74,3.54,1.22,3.54,63.5,0.0226,0.0555,0.3977,0.3422,0.0422,0.1337,0.0062
Centro,2020-05-01,1.79,7.68,1.6,0.2,3.85,72.55,0.0,0.0681,0.379,0.3388,0.0482,0.1359,0.0299
Centro,2020-06-01,5.08,7.18,3.71,3.49,2.41,53.66,0.0034,0.0508,0.3835,0.3293,0.0556,0.144,0.0334
Centro,2020-07-01,5.87,7.6,3.84,3.6,2.68,64.01,0.0,0.0514,0.3839,0.3419,0.0423,0.1479,0.0326
Centro,2020-08-01,3.73,6.92,2.42,5.01,5.23,59.47,0.0071,0.0484,0.3735,0.3202,0.0539,0.1492,0.0476
Centro,2020-09-01,4.28,9.1,2.26,0.32,3.77,77.31,0.0158,0.0439,0.3679,0.3107,0.0627,0.1405,0.0585
Centro,2020-10-01,6.28,8.78,4.06,1.04,4.08,58.4,0.0171,0.0414,0.3706,0.3055,0.073,0.1245,0.0678
Centro,2020-11-01,2.56,9.89,4.5,2.41,3.7,63.58,0.0202,0.0284,0.3688,0.3075,0.0744,0.1192,0.0816
Centro,2020-12-01,4.07,4.84,5.47,0.7,3.53,80.15,0.0158,0.0264,0.3468,0.3194,0.0893,0.1311,0.0712
Centro,2021-01-01,4.44,10.3,5.46,1.34,3.56,72.69,0.0029,0.0136,0.3673,0.3321,0.092,0.1201,0.0721
Centro,2021-02-01,5.89,5.59,4.94,1.59,2.77,71.81,0.0,0.018,0.3582,0.3257,0.1043,0.1237,0.0701
Centro,2021-03-01,6.29,7.58,3.15,1.32,3.64,57.98,0.0,0.0206,0.3589,0.3189,0.1103,0.1306,0.0607
Centro,2021-04-01,1.91,6.43,2.26,0.0,3.69,62.13,0.0,0.0258,0.3703,0.3045,0.1181,0.1197,0.0617
Centro,2021-05-01,2.08,8.84,3.33,2.78,2.95,65.32,0.0,0.0198,0.3886,0.3006,0.1214,0.125,0.0446
Centro,2021-06-01,1.95,8.92,1.84,4.08,3.17,80.41,0.0,0.0214,0.3699,0.3207,0.1182,0.1087,0.0611
Centro,2021-07-01,1.49,10.06,2.64,2.65,4.13,77.07,0.0046,0.0352,0.3608,0.3217,0.1017,0.1199,0.0561
Centro,2021-08-01,2.73,11.02,3.87,3.87,4.48,100.0,0.0,0.0392,0.3563,0.326,0.1116,0.1199,0.047
Centro,2021-09-01,5.68,7.37,2.04,2.55,3.96,49.75,0.0,0.0428,0.3519,0.3272,0.1147,0.1287,0.0346
Centro,2021-10-01,2.16,4.68,4.7,3.33,2.49,55.86,0.0,0.0496,0.3559,0.3284,0.1122,0.131,0.0229
Centro,2021-11-01,3.76,8.18,4.99,1.76,4.92,57.62,0.0087,0.0437,0.3555,0.3342,0.1059,0.1387,0.0133
Centro,2021-12-01,6.54,8.6,3.8,2.65,2.26,76.68,0.0,0.0342,0.3697,0.3361,0.1195,0.1297,0.0109
Centro,2022-01-01,6.22,5.35,4.83,0.76,3.51,65.65,0.0093,0.0309,0.3801,0.3275,0.1154,0.1239,0.0128
Centro,2022-02-01,5.22,7.3,3.77,1.67,4.49,71.25,0.0,0.0279,0.3833,0.3398,0.1268,0.1087,0.0135
Centro,2022-03-01,5.2,8.2,2.32,2.78,3.99,54.94,0.0019,0.0304,0.3814,0.3294,0.1186,0.1146,0.0236
Centro,2022-04-01,3.1,9.78,3.57,2.57,3.65,56.37,0.0,0.0224,0.3911,0.3432,0.1168,0.1071,0.0193
Centro,2022-05-01,4.13,10.62,2.75,4.78,4.08,49.37,0.0,0.0252,0.397,0.3316,0.1376,0.103,0.0055
Centro,2022-06-01,3.39,4.42,3.93,4.0,2.76,59.96,0.0,0.0353,0.3988,0.3216,0.128,0.1162,0.0
Centro,2022-07-01,5.0,10.29,2.96,3.2,2.87,63.94,0.0,0.0115,0.4164,0.3376,0.125,0.1089,0.0007
Centro,2022-08-01,0.0,3.57,3.78,4.65,1.62,82.35,0.0,0.0273,0.3974,0.331,0.1251,0.1192,0.0
Centro,2022-09-01,2.72,8.23,3.59,0.73,2.98,78.22,0.0,0.0442,0.3702,0.3165,0.1451,0.1179,0.0061
Centro,2022-10-01,1.98,9.57,6.52,1.07,3.17,44.07,0.0124,0.0419,0.3778,0.3055,0.1399,0.1159,0.0065
Centro,2022-11-01,1.73,7.9,5.18,3.07,3.08,60.81,0.007,0.0353,0.3784,0.3172,0.1466,0.1155,0.0
Centro,2022-12-01,7.22,12.61,4.38,2.95,3.24,65.58,0.0027,0.0192,0.3776,0.3352,0.1483,0.1111,0.006
Centro,2023-01-01,5.07,3.88,5.4,0.0,3.81,58.87,0.0,0.0026,0.3803,0.3478,0.1399,0.1143,0.0151
Centro,2023-02-01,5.79,1.21,5.44,1.75,4.15,48.94,0.0,0.0,0.3834,0.3433,0.1508,0.0987,0.0239
Centro,2023-03-01,5.51,1.89,2.72,0.0,3.02,57.03,0.0,0.0,0.3957,0.3547,0.1458,0.0961,0.0076
Centro,2023-04-01,3.09,3.77,3.33,0.0,2.85,52.14,0.011,0.0201,0.3743,0.3287,0.1543,0.1003,0.0113
Centro,2023-05-01,2.87,3.29,3.89,0.25,2.34,74.09,0.0,0.0069,0.3853,0.3574,0.1443,0.0958,0.0103
Centro,2023-06-01,3.26,5.45,2.15,5.01,3.05,88.61,0.0,0.0,0.3713,0.3427,0.165,0.1175,0.0035
Centro,2023-07-01,4.11,0.25,2.11,3.25,3.29,56.89,0.0,0.0,0.3779,0.3476,0.1537,0.1208,0.0
Centro,2023-08-01,0.0,4.07,2.91,3.46,3.51,64.32,0.0056,0.0,0.3661,0.3535,0.1511,0.1238,0.0
Centro,2023-09-01,3.41,4.84,3.72,0.93,4.62,64.89,0.0,0.0,0.3676,0.3525,0.1578,0.1221,0.0
Centro,2023-10-01,2.71,1.52,5.14,2.24,3.67,66.93,0.0119,0.0,0.3513,0.3577,0.1568,0.1213,0.001
Centro,2023-11-01,1.67,3.35,5.12,1.19,4.43,63.94,0.0,0.006,0.3624,0.3769,0.1488,0.106,0.0
Centro,2023-12-01,5.43,3.11,5.48,2.88,4.46,56.27,0.0083,0.0004,0.346,0.3821,0.1464,0.1069,0.0099
Centro,2024-01-01,3.78,3.21,5.75,2.66,4.35,50.4,0.0365,0.0034,0.3397,0.3765,0.1244,0.115,0.0046
Centro,2024-02-01,6.27,0.08,6.05,3.46,3.03,66.27,0.0449,0.0185,0.3368,0.374,0.1134,0.1084,0.004
Centro,2024-03-01,5.09,4.15,2.6,2.33,4.32,53.74,0.057,0.0193,0.321,0.3761,0.115,0.1116,0.0
Centro,2024-04-01,1.58,6.89,3.94,2.64,2.04,54.31,0.0793,0.0117,0.302,0.3803,0.1123,0.1144,0.0
Centro,2024-05-01,2.49,1.93,5.44,2.93,3.0,67.68,0.0767,0.0,0.3274,0.3796,0.0955,0.1208,0.0
Centro,2024-06-01,4.4,0.16,4.48,5.05,1.96,65.08,0.0795,0.0,0.3144,0.3477,0.0929,0.1398,0.0259
Centro,2024-07-01,2.74,4.31,2.87,4.49,3.74,75.52,0.0933,0.015,0.2998,0.3448,0.0939,0.1243,0.0289
Centro,2024-08-01,4.29,3.93,3.5,5.99,2.5,53.82,0.1105,0.0,0.301,0.3433,0.0863,0.1189,0.0402
Centro,2024-09-01,0.89,0.0,1.14,3.74,2.72,66.92,0.1067,0.0,0.3065,0.3523,0.0786,0.1202,0.0357
Centro,2024-10-01,0.51,4.13,4.91,3.1,4.15,57.89,0.1125,0.0,0.3169,0.3655,0.0678,0.1069,0.0304
Centro,2024-11-01,4.09,3.6,4.5,1.36,2.25,70.19,0.1279,0.0,0.3076,0.3542,0.0701,0.1048,0.0354
Centro,2024-12-01,4.84,2.68,4.02,2.73,2.9,58.31,0.1131,0.0,0.3085,0.3625,0.0588,0.1135,0.0436
